Name,Grade
John1,81
John2,82
John3,83
John4,84
John5,85
John6,86
John7,87
John8,88
John9,89
John10,90
John11,91
John12,92
John13,93
John14,94
John15,95
John16,96
John17,97
John18,98
John19,99
John20,50
John21,51
John22,52
John23,53
John24,54
John25,55
John26,56
John27,57
John28,58
John29,59
Jane1,71
Jane2,72
Jane3,73
Jane4,74
Jane5,75
Jane6,76
Jane7,77
Jane8,78
Jane9,79
Jane10,80
Jane11,81
Jane12,82
Jane13,83
Jane14,84
Jane15,85
Jane16,86
Jane17,87
Jane18,88
Jane19,89
Jane20,90
Jane21,91
Jane22,92
Jane23,93
Jane24,94
Jane25,95
Jane26,96
Jane27,97
Jane28,98
Jane29,99
